source,file
npz::0,scratches_0000.png
raw::scratch_1.png,scratches_0001.png
raw::scratch_3.png,scratches_0002.png
npz::1,scratches_0003.png
raw::scratch_26.png,scratches_0004.png
raw::scratch_8.png,scratches_0005.png
raw::scratch_19.png,scratches_0006.png
npz::40,scratches_0007.png
raw::scratch_13.png,scratches_0008.png
raw::scratch_20.png,scratches_0009.png
npz::19,scratches_0010.png
npz::3,scratches_0011.png
npz::37,scratches_0012.png
npz::5,scratches_0013.png
npz::38,scratches_0014.png
npz::15,scratches_0015.png
npz::43,scratches_0016.png
npz::31,scratches_0017.png
npz::25,scratches_0018.png
npz::10,scratches_0019.png
raw::scratch_18.png,scratches_0020.png
npz::34,scratches_0021.png
raw::scratch_14.png,scratches_0022.png
npz::17,scratches_0023.png
npz::4,scratches_0024.png
npz::32,scratches_0025.png
npz::12,scratches_0026.png
npz::24,scratches_0027.png
raw::scratch_24.png,scratches_0028.png
npz::9,scratches_0029.png
npz::26,scratches_0030.png
npz::49,scratches_0031.png
raw::scratch_16.png,scratches_0032.png
npz::20,scratches_0033.png
npz::23,scratches_0034.png
raw::scratch_27.png,scratches_0035.png
npz::36,scratches_0036.png
raw::scratch_5.png,scratches_0037.png
npz::14,scratches_0038.png
raw::scratch_21.png,scratches_0039.png
npz::46,scratches_0040.png
raw::scratch_12.png,scratches_0041.png
raw::scratch_25.png,scratches_0042.png
npz::8,scratches_0043.png
raw::scratch_17.png,scratches_0044.png
npz::35,scratches_0045.png
raw::scratch_15.png,scratches_0046.png
npz::6,scratches_0047.png
npz::42,scratches_0048.png
npz::28,scratches_0049.png
npz::16,scratches_0050.png
npz::48,scratches_0051.png
raw::scratch_23.png,scratches_0052.png
raw::scratch_7.png,scratches_0053.png
npz::11,scratches_0054.png
raw::scratch_6.png,scratches_0055.png
