original_index,file
83,clean_0000.png
53,clean_0001.png
70,clean_0002.png
45,clean_0003.png
44,clean_0004.png
39,clean_0005.png
22,clean_0006.png
80,clean_0007.png
10,clean_0008.png
0,clean_0009.png
18,clean_0010.png
30,clean_0011.png
73,clean_0012.png
33,clean_0013.png
90,clean_0014.png
4,clean_0015.png
76,clean_0016.png
77,clean_0017.png
12,clean_0018.png
31,clean_0019.png
55,clean_0020.png
88,clean_0021.png
26,clean_0022.png
42,clean_0023.png
69,clean_0024.png
15,clean_0025.png
40,clean_0026.png
96,clean_0027.png
9,clean_0028.png
72,clean_0029.png
11,clean_0030.png
47,clean_0031.png
85,clean_0032.png
28,clean_0033.png
93,clean_0034.png
5,clean_0035.png
66,clean_0036.png
65,clean_0037.png
35,clean_0038.png
16,clean_0039.png
49,clean_0040.png
34,clean_0041.png
7,clean_0042.png
95,clean_0043.png
27,clean_0044.png
19,clean_0045.png
81,clean_0046.png
25,clean_0047.png
62,clean_0048.png
13,clean_0049.png
24,clean_0050.png
3,clean_0051.png
17,clean_0052.png
38,clean_0053.png
8,clean_0054.png
78,clean_0055.png
6,clean_0056.png
64,clean_0057.png
36,clean_0058.png
89,clean_0059.png
56,clean_0060.png
99,clean_0061.png
54,clean_0062.png
43,clean_0063.png
50,clean_0064.png
67,clean_0065.png
46,clean_0066.png
68,clean_0067.png
61,clean_0068.png
97,clean_0069.png
