source_file,file
shorts_1.png,short_0000.png
shorts_14.png,short_0001.png
shorts_42.png,short_0002.png
shorts_50.png,short_0003.png
shorts_21.png,short_0004.png
shorts_59.png,short_0005.png
shorts_4.png,short_0006.png
shorts_53.png,short_0007.png
shorts_20.png,short_0008.png
shorts_7.png,short_0009.png
shorts_51.png,short_0010.png
shorts_55.png,short_0011.png
shorts_38.png,short_0012.png
shorts_12.png,short_0013.png
shorts_57.png,short_0014.png
shorts_25.png,short_0015.png
shorts_17.png,short_0016.png
shorts_15.png,short_0017.png
shorts_46.png,short_0018.png
shorts_13.png,short_0019.png
shorts_49.png,short_0020.png
shorts_27.png,short_0021.png
shorts_40.png,short_0022.png
shorts_8.png,short_0023.png
shorts_32.png,short_0024.png
shorts_60.png,short_0025.png
shorts_23.png,short_0026.png
shorts_34.png,short_0027.png
shorts_18.png,short_0028.png
shorts_37.png,short_0029.png
shorts_33.png,short_0030.png
shorts_24.png,short_0031.png
shorts_31.png,short_0032.png
shorts_6.png,short_0033.png
shorts_2.png,short_0034.png
shorts_39.png,short_0035.png
shorts_58.png,short_0036.png
shorts_47.png,short_0037.png
shorts_43.png,short_0038.png
shorts_36.png,short_0039.png
shorts_5.png,short_0040.png
shorts_10.png,short_0041.png
