source,file
npz::0,cracks_0000.png
raw::crack_18.png,cracks_0001.png
npz::15,cracks_0002.png
npz::30,cracks_0003.png
raw::cracks_0000.png,cracks_0004.png
raw::crack_21.png,cracks_0005.png
raw::crack_9.png,cracks_0006.png
npz::25,cracks_0007.png
raw::cracks_0010.png,cracks_0008.png
npz::4,cracks_0009.png
npz::41,cracks_0010.png
raw::crack_5.png,cracks_0011.png
npz::16,cracks_0012.png
npz::46,cracks_0013.png
raw::cracks_0012.png,cracks_0014.png
raw::cracks_0004.png,cracks_0015.png
raw::crack_14.png,cracks_0016.png
raw::crack_23.png,cracks_0017.png
npz::9,cracks_0018.png
npz::22,cracks_0019.png
npz::33,cracks_0020.png
npz::29,cracks_0021.png
npz::36,cracks_0022.png
raw::crack_25.png,cracks_0023.png
raw::crack_3.png,cracks_0024.png
raw::cracks_0011.png,cracks_0025.png
npz::26,cracks_0026.png
npz::27,cracks_0027.png
raw::crack_26.png,cracks_0028.png
npz::35,cracks_0029.png
raw::cracks_0009.png,cracks_0030.png
npz::28,cracks_0031.png
raw::cracks_0005.png,cracks_0032.png
npz::2,cracks_0033.png
npz::7,cracks_0034.png
raw::crack_12.png,cracks_0035.png
npz::5,cracks_0036.png
raw::crack_4.png,cracks_0037.png
raw::cracks_0007.png,cracks_0038.png
npz::38,cracks_0039.png
raw::crack_22.png,cracks_0040.png
raw::crack_15.png,cracks_0041.png
npz::44,cracks_0042.png
raw::crack_20.png,cracks_0043.png
npz::13,cracks_0044.png
raw::crack_1.png,cracks_0045.png
raw::crack_2.png,cracks_0046.png
raw::cracks_0003.png,cracks_0047.png
raw::crack_13.png,cracks_0048.png
raw::crack_8.png,cracks_0049.png
raw::cracks_0008.png,cracks_0050.png
npz::47,cracks_0051.png
raw::cracks_0006.png,cracks_0052.png
npz::24,cracks_0053.png
raw::crack_6.png,cracks_0054.png
npz::40,cracks_0055.png
npz::49,cracks_0056.png
npz::14,cracks_0057.png
npz::3,cracks_0058.png
npz::10,cracks_0059.png
npz::6,cracks_0060.png
npz::21,cracks_0061.png
