source_file,file
bridge_13.png,bridges_0000.png
bridge_41.png,bridges_0001.png
bridge_19.png,bridges_0002.png
bridge_1.png,bridges_0003.png
bridge_50.png,bridges_0004.png
bridge_52.png,bridges_0005.png
bridge_69.png,bridges_0006.png
bridge_58.png,bridges_0007.png
bridge_55.png,bridges_0008.png
bridge_35.png,bridges_0009.png
bridge_70.png,bridges_0010.png
bridge_73.png,bridges_0011.png
bridge_26.png,bridges_0012.png
bridge_20.png,bridges_0013.png
bridge_62.png,bridges_0014.png
bridge_4.png,bridges_0015.png
bridge_18.png,bridges_0016.png
bridge_14.png,bridges_0017.png
bridge_40.png,bridges_0018.png
bridge_3.png,bridges_0019.png
bridge_37.png,bridges_0020.png
bridge_46.png,bridges_0021.png
bridge_45.png,bridges_0022.png
bridge_24.png,bridges_0023.png
bridge_68.png,bridges_0024.png
bridge_59.png,bridges_0025.png
bridge_38.png,bridges_0026.png
bridge_16.png,bridges_0027.png
bridge_66.png,bridges_0028.png
bridge_5.png,bridges_0029.png
bridge_75.png,bridges_0030.png
bridge_54.png,bridges_0031.png
bridge_9.png,bridges_0032.png
bridge_27.png,bridges_0033.png
bridge_67.png,bridges_0034.png
bridge_32.png,bridges_0035.png
bridge_48.png,bridges_0036.png
bridge_21.png,bridges_0037.png
bridge_6.png,bridges_0038.png
bridge_12.png,bridges_0039.png
bridge_25.png,bridges_0040.png
bridge_44.png,bridges_0041.png
bridge_17.png,bridges_0042.png
bridge_65.png,bridges_0043.png
bridge_15.png,bridges_0044.png
bridge_42.png,bridges_0045.png
bridge_72.png,bridges_0046.png
bridge_60.png,bridges_0047.png
bridge_51.png,bridges_0048.png
bridge_8.png,bridges_0049.png
bridge_23.png,bridges_0050.png
bridge_34.png,bridges_0051.png
bridge_47.png,bridges_0052.png
