source_file,file
open_1.png,open_0000.png
open_14.png,open_0001.png
open_51.png,open_0002.png
open_38.png,open_0003.png
open_21.png,open_0004.png
open_6 crack-induced  reliability defect potential intermittent open.png,open_0005.png
open_40.png,open_0006.png
open_54.png,open_0007.png
open_20.png,open_0008.png
open_46.png,open_0009.png
open_4.png,open_0010.png
open_8.png,open_0011.png
open_24.png,open_0012.png
open_12.png,open_0013.png
open_58.png,open_0014.png
open_25.png,open_0015.png
open_17.png,open_0016.png
open_15.png,open_0017.png
open_47.png,open_0018.png
open_13.png,open_0019.png
open_5 interface crack  intermittent open..png,open_0020.png
open_27.png,open_0021.png
open_52.png,open_0022.png
open_57.png,open_0023.png
open_32.png,open_0024.png
open_61.png,open_0025.png
open_23.png,open_0026.png
open_7.png,open_0027.png
open_34.png,open_0028.png
open_18.png,open_0029.png
open_37.png,open_0030.png
open_42.png,open_0031.png
open_33.png,open_0032.png
open_31.png,open_0033.png
open_49.png,open_0034.png
open_2.png,open_0035.png
open_39.png,open_0036.png
open_59.png,open_0037.png
open_60.png,open_0038.png
open_43.png,open_0039.png
open_36.png,open_0040.png
open_50.png,open_0041.png
