source,file
npz::38,malformed_vias_0000.png
npz::45,malformed_vias_0001.png
raw::maformed_vias_8.png,malformed_vias_0002.png
npz::30,malformed_vias_0003.png
raw::malformed_vias_1.png,malformed_vias_0004.png
npz::46,malformed_vias_0005.png
npz::1,malformed_vias_0006.png
raw::malformed_vias_7.png,malformed_vias_0007.png
npz::49,malformed_vias_0008.png
npz::15,malformed_vias_0009.png
npz::18,malformed_vias_0010.png
raw::malformed_vias_4.png,malformed_vias_0011.png
npz::26,malformed_vias_0012.png
raw::malformed_vias_8.png,malformed_vias_0013.png
npz::19,malformed_vias_0014.png
npz::10,malformed_vias_0015.png
raw::malformed_3.png,malformed_vias_0016.png
npz::2,malformed_vias_0017.png
npz::25,malformed_vias_0018.png
raw::malformed_vias_3.png,malformed_vias_0019.png
raw::malformed_vias_10.png,malformed_vias_0020.png
npz::48,malformed_vias_0021.png
raw::malformed_4.png,malformed_vias_0022.png
npz::33,malformed_vias_0023.png
npz::21,malformed_vias_0024.png
npz::4,malformed_vias_0025.png
npz::40,malformed_vias_0026.png
npz::43,malformed_vias_0027.png
npz::41,malformed_vias_0028.png
npz::35,malformed_vias_0029.png
npz::16,malformed_vias_0030.png
npz::29,malformed_vias_0031.png
npz::47,malformed_vias_0032.png
npz::0,malformed_vias_0033.png
npz::12,malformed_vias_0034.png
npz::11,malformed_vias_0035.png
npz::9,malformed_vias_0036.png
npz::32,malformed_vias_0037.png
raw::malformed_vias_6.png,malformed_vias_0038.png
npz::17,malformed_vias_0039.png
npz::44,malformed_vias_0040.png
npz::31,malformed_vias_0041.png
npz::22,malformed_vias_0042.png
npz::14,malformed_vias_0043.png
npz::28,malformed_vias_0044.png
