source,file
raw::other_48.png,other_0000.png
raw::other_29 (2).png,other_0001.png
raw::other_37.png,other_0002.png
raw::other_25 (2).png,other_0003.png
raw::other_24.png,other_0004.png
raw::other_22 (2).png,other_0005.png
raw::other_14.png,other_0006.png
raw::other_45.png,other_0007.png
raw::9.png,other_0008.png
raw::1.png,other_0009.png
raw::other_12.png,other_0010.png
raw::other_18.png,other_0011.png
raw::other_4 (2).png,other_0012.png
raw::other_2 (2).png,other_0013.png
raw::other_7 (2).png,other_0014.png
raw::3.png,other_0015.png
raw::other_41.png,other_0016.png
raw::other_42.png,other_0017.png
raw::other_1.png,other_0018.png
raw::other_19 (2).png,other_0019.png
raw::other_3 (2).png,other_0020.png
raw::other_6 (2).png,other_0021.png
raw::other_16.png,other_0022.png
raw::other_23.png,other_0023.png
raw::other_36.png,other_0024.png
raw::other_11 (2).png,other_0025.png
raw::other_22.png,other_0026.png
npz::0,other_0027.png
raw::8.png,other_0028.png
raw::other_39.png,other_0029.png
raw::other_1 (2).png,other_0030.png
raw::other_26 (2).png,other_0031.png
raw::other_5 (2).png,other_0032.png
raw::other_17.png,other_0033.png
raw::other_8.png,other_0034.png
raw::4.png,other_0035.png
raw::other_34.png,other_0036.png
raw::other_34 (2).png,other_0037.png
raw::other_20 (2).png,other_0038.png
raw::other_11.png,other_0039.png
raw::other_27 (2).png,other_0040.png
raw::other_2.png,other_0041.png
raw::6.png,other_0042.png
raw::other_9.png,other_0043.png
raw::other_17 (2).png,other_0044.png
raw::other_13 (2).png,other_0045.png
raw::other_46.png,other_0046.png
raw::other_16 (2).png,other_0047.png
raw::other_32.png,other_0048.png
raw::other_10 (2).png,other_0049.png
raw::other_15.png,other_0050.png
raw::2.png,other_0051.png
raw::other_12 (2).png,other_0052.png
raw::other_21.png,other_0053.png
raw::7.png,other_0054.png
raw::other_43.png,other_0055.png
raw::5.png,other_0056.png
raw::other_33.png,other_0057.png
raw::other_20.png,other_0058.png
raw::other_6.png,other_0059.png
raw::other_3.png,other_0060.png
npz::3,other_0061.png
raw::other_29.png,other_0062.png
raw::other_24 (2).png,other_0063.png
raw::other_27.png,other_0064.png
raw::other_35 (2).png,other_0065.png
raw::other_25.png,other_0066.png
raw::other_35.png,other_0067.png
raw::other_32 (2).png,other_0068.png
npz::1,other_0069.png
